Workbook

Sheet 1. 과정정보
A1: 훈련과정명 | C1: [이스트캠프] AI 휴먼(멀티모달, TTS, STT, 프롬프트 엔지니어링, RAG)
A2: 훈련과정 ID | C2: =IFERROR(VLOOKUP($C$1,#REF!, 2, 0),"자동입력") -> 자동입력 | F2: 회차 | I2: 5회차
A3: 연간운영인원 | C3: =IFERROR(VLOOKUP($C$1,#REF!, 6, 0),"자동입력") -> 자동입력 | F3: 정원 | I3: =IFERROR(VLOOKUP($C$1,#REF!, 5, 0),"자동입력") -> 자동입력
A4: 디지털 신기술 분야 | C4: =IFERROR(VLOOKUP($C$1,#REF!, 8, 0),"자동입력") -> 자동입력 | F4: 훈련수준 | I4: =IFERROR(VLOOKUP($C$1,#REF!, 4, 0),"자동입력") -> 자동입력
A5: NCS소분류(6자리) | C5: =IFERROR(VLOOKUP($C$1,#REF!, 10, 0),"자동입력") -> 자동입력 | D5: =IFERROR(VLOOKUP($C$1,#REF!, 11, 0),"자동입력") -> 자동입력 | F5: NCS세분류(8자리) | I5: =IFERROR(VLOOKUP($C$1,#REF!, 12, 0),"자동입력") -> 자동입력 | J5: =IFERROR(VLOOKUP($C$1,#REF!, 13, 0),"자동입력") -> 자동입력
A6: 국기직종 | C6: =IFERROR(VLOOKUP($C$1,#REF!,9, 0),"자동입력") -> 자동입력 | F6: KECO직종 | I6: =IFERROR(VLOOKUP($C$1,#REF!, 7, 0),"자동입력") -> 자동입력
A7: 총 훈련시간 | C7: =H94 -> 800 | F7: 정규교과 시간 | I7: =SUM(H18,H26,H34,H58) -> 192 | K7: =IFERROR(I7/C7, "자동입력") -> 0.24
F8: 프로젝트 시간 | I8: =H87 -> 280 | K8: =IFERROR(I8/C7, "자동입력") -> 0.35
A9: 교과구분 | B9: 교과목명 | C9: 세부내용 | F9: 훈련시간 | I9: 비고
F10: 이론 | G10: 실기 | H10: 합계
A11: 정규교과-1 | B11: Python 전처리 및 시각화 | C11: 상수, 변수, 함수, 제어문, 반복문을 이용한 코드 구현 | F11: 12 | G11: 8 | H11: =SUM(F11:G11) -> 20
C12: 객체지향에 대한 이해 및 객체지향 프로그래밍 | F12: 12 | G12: 8 | H12: =SUM(F12:G12) -> 20
H13: =SUM(F13:G13) -> 0
H14: =SUM(F14:G14) -> 0
H15: =SUM(F15:G15) -> 0
H16: =SUM(F16:G16) -> 0
H17: =SUM(F17:G17) -> 0
B18: 소계 | F18: =SUM(F11:F17) -> 24 | G18: =SUM(G11:G17) -> 16 | H18: =SUM(H11:H17) -> 40 | I18: -
A19: 정규교과-2 | B19: Python 전처리 및 시각화 | C19: Pandas, Numpy를 이용한 데이터 전처리 | F19: 12 | G19: 8 | H19: =SUM(F19:G19) -> 20
C20: Matplolib, Seaborn 등 도구를 활용한 데이터 시각화 | F20: 12 | G20: 8 | H20: =SUM(F20:G20) -> 20
H21: =SUM(F21:G21) -> 0
H22: =SUM(F22:G22) -> 0
H23: =SUM(F23:G23) -> 0
H24: =SUM(F24:G24) -> 0
H25: =SUM(F25:G25) -> 0
B26: 소계 | F26: =SUM(F19:F25) -> 24 | G26: =SUM(G19:G25) -> 16 | H26: =SUM(H19:H25) -> 40 | I26: -
A27: 정규교과-3 | B27: 머신러닝과 딥러닝 | C27: 지도-비지도 학습, 머신러닝으로 해결 가능한 예측-분류 문제에 대한 이해 | F27: 7 | G27: 5 | H27: =SUM(F27:G27) -> 12
C28: 간단한 머신러닝 모델 학습을 통해 모델, 학습, 추론 등 개념에 대해 이해 | F28: 7 | G28: 5 | H28: =SUM(F28:G28) -> 12
C29: 인공신경망과 기본적인 딥러닝 모델(RNN, CNN, LSTM 등) 학습 | F29: 7 | G29: 5 | H29: =SUM(F29:G29) -> 12
C30: 딥러닝 모델을 사용한 문제 해결 실습 | F30: 7 | G30: 5 | H30: =SUM(F30:G30) -> 12
H31: =SUM(F31:G31) -> 0
H32: =SUM(F32:G32) -> 0
H33: =SUM(F33:G33) -> 0
B34: 소계 | F34: =SUM(F27:F33) -> 28 | G34: =SUM(G27:G33) -> 20 | H34: =SUM(H27:H33) -> 48 | I34: -
A35: 정규교과-4 | B35: 자연어 및 음성 데이터 활용 및 모델 개발 | C35: 자연어 및 음성 데이터의 특성 파악 | F35: 16 | H35: =SUM(F35:G35) -> 16
C36: 자연어 및 음성 데이터의 고유한 특성에 맞는 전처리 방식 학습 | F36: 16 | H36: =SUM(F36:G36) -> 16
C37: 분석을 위한 기초 모델에 대한 이해 | F37: 16 | H37: =SUM(F37:G37) -> 16
